id,current_price,market_cap,price_change_percentage_24h,ath,atl,time_stamp
bitcoin,94601.0,1879081506054,-1.19901,108786.0,67.81,05-05-2025  18-31-50
ethereum,1826.59,220506642795,-0.50315,4878.26,0.432979,05-05-2025  18-31-50
tether,1.0,149362795277,-0.00986,1.32,0.572521,05-05-2025  18-31-50
ripple,2.18,127449604402,-1.16455,3.4,0.00268621,05-05-2025  18-31-50
binancecoin,592.04,86370199128,-0.73665,788.84,0.0398177,05-05-2025  18-31-50
solana,146.49,75923838208,0.59853,293.31,0.500801,05-05-2025  18-31-50
usd-coin,1.0,61478990293,0.00365,1.17,0.877647,05-05-2025  18-31-50
dogecoin,0.173484,25864368855,-0.72039,0.731578,8.69e-05,05-05-2025  18-31-50
cardano,0.687876,24794962223,-1.15099,3.09,0.01925275,05-05-2025  18-31-50
tron,0.247982,23539613749,-0.25099,0.431288,0.00180434,05-05-2025  18-31-50
staked-ether,1825.66,16754658427,-0.53302,4829.57,482.9,05-05-2025  18-31-50
wrapped-bitcoin,94564.0,12187538096,-1.06273,108368.0,3139.17,05-05-2025  18-31-50
sui,3.43,11466205292,6.18258,5.35,0.364846,05-05-2025  18-31-50
chainlink,14.08,9249849600,-0.14329,52.7,0.148183,05-05-2025  18-31-50
leo-token,9.09,8394908597,1.29994,10.14,0.799859,05-05-2025  18-31-50
avalanche-2,19.95,8338691783,-1.21952,144.96,2.8,05-05-2025  18-31-50
stellar,0.267819,8284883779,-0.64297,0.875563,0.00047612,05-05-2025  18-31-50
usds,1.0,7915341561,0.00153,1.057,0.948265,05-05-2025  18-31-50
shiba-inu,1.295e-05,7629024093,-0.56307,8.616e-05,5.6366e-11,05-05-2025  18-31-50
wrapped-steth,2183.97,7569126820,-0.95678,7256.02,558.54,05-05-2025  18-31-50
the-open-network,3.03,7531215454,-2.34148,8.25,0.519364,05-05-2025  18-31-50
hedera-hashgraph,0.177469,7499236623,-1.25207,0.569229,0.00986111,05-05-2025  18-31-50
bitcoin-cash,359.61,7145109337,0.19447,3785.82,76.93,05-05-2025  18-31-50
hyperliquid,20.65,6905289720,0.79203,34.96,3.81,05-05-2025  18-31-50
litecoin,89.21,6759992761,3.56012,410.26,1.15,05-05-2025  18-31-50
polkadot,3.98,6062956100,-0.72407,54.98,2.7,05-05-2025  18-31-50
weth,1826.56,5221296625,-0.47026,4799.89,82.1,05-05-2025  18-31-50
binance-bridged-usdt-bnb-smart-chain,1.0,5185112539,-0.02389,1.05,0.942186,05-05-2025  18-31-50
monero,276.6,5105178121,-0.12426,542.33,0.216177,05-05-2025  18-31-50
bitget-token,4.32,5052191511,-0.97699,8.45,0.0142795,05-05-2025  18-31-50
ethena-usde,1.0,4686379477,-0.021,1.032,0.929486,05-05-2025  18-31-50
pi-network,0.592182,4170721539,0.40051,2.99,0.406999,05-05-2025  18-31-50
wrapped-eeth,1947.27,4135844713,-0.74559,4311.81,1505.24,05-05-2025  18-31-50
whitebit,28.58,4118572522,-0.2962,31.28,3.06,05-05-2025  18-31-50
coinbase-wrapped-btc,94575.0,4072192431,-1.10297,108953.0,57439.0,05-05-2025  18-31-50
pepe,8.32e-06,3501567627,1.94535,2.803e-05,5.5142e-08,05-05-2025  18-31-50
dai,0.999742,3288769196,-0.03171,1.22,0.88196,05-05-2025  18-31-50
aptos,5.16,3200631711,0.1386,19.92,3.08,05-05-2025  18-31-50
bittensor,363.43,3162719933,4.30825,757.6,30.83,05-05-2025  18-31-50
susds,1.05,3101693761,0.03308,1.088,0.961716,05-05-2025  18-31-50
okb,51.04,3062532781,-0.26725,73.8,0.580608,05-05-2025  18-31-50
uniswap,5.09,3057931342,0.39716,44.92,1.03,05-05-2025  18-31-50
near,2.39,2890092295,-0.98033,20.44,0.526762,05-05-2025  18-31-50
blackrock-usd-institutional-digital-liquidity-fund,1.0,2878680374,0.0,1.0,1.0,05-05-2025  18-31-50
ondo-finance,0.884655,2796605100,1.45641,2.14,0.082171,05-05-2025  18-31-50
aave,180.29,2723853188,1.86429,661.69,26.02,05-05-2025  18-31-50
gatechain-token,21.44,2635664409,-0.60013,25.94,0.25754,05-05-2025  18-31-50
crypto-com-chain,0.088654,2538006294,0.70357,0.965407,0.0121196,05-05-2025  18-31-50
internet-computer,4.67,2487755470,0.21012,700.65,2.87,05-05-2025  18-31-50
ethereum-classic,16.13,2449177722,-1.63741,167.09,0.615038,05-05-2025  18-31-50
mantle,0.721874,2428883834,-1.78377,1.54,0.307978,05-05-2025  18-31-50
kaspa,0.093099,2427835032,1.09402,0.207411,0.00017105,05-05-2025  18-31-50
tokenize-xchange,29.64,2368098917,-4.36313,50.43,0.111255,05-05-2025  18-31-50
render-token,4.44,2310455647,-1.04706,13.53,0.03665669,05-05-2025  18-31-50
official-trump,11.14,2229790660,-0.31926,73.43,4.29,05-05-2025  18-31-50
vechain,0.02553685,2195850125,-0.87241,0.280991,0.00191713,05-05-2025  18-31-50
usd1-wlfi,0.999963,2127934560,0.04753,1.017,0.989703,05-05-2025  18-31-50
polygon-ecosystem-token,0.234064,2053457060,1.88186,1.29,0.153392,05-05-2025  18-31-50
ethena-staked-usde,1.17,2026820605,-0.03471,1.29,1.012,05-05-2025  18-31-50
lombard-staked-btc,94435.0,1918778567,-0.90815,114576.0,52119.0,05-05-2025  18-31-50
cosmos,4.15,1859071436,-0.51402,44.45,1.16,05-05-2025  18-31-50
fasttoken,4.28,1844005207,-0.14031,4.3,0.398142,05-05-2025  18-31-50
filecoin,2.66,1761658260,0.30242,236.84,2.14,05-05-2025  18-31-50
algorand,0.203774,1750947041,-0.34978,3.56,0.087513,05-05-2025  18-31-50
fetch-ai,0.670203,1746331644,-2.71371,3.45,0.00816959,05-05-2025  18-31-50
ethena,0.293627,1692500750,0.66391,1.52,0.195078,05-05-2025  18-31-50
sonic-3,0.522617,1659155519,-2.42352,1.029,0.359647,05-05-2025  18-31-50
celestia,2.44,1522411160,0.77787,20.85,2.08,05-05-2025  18-31-50
arbitrum,0.320015,1522111470,0.35511,2.39,0.245747,05-05-2025  18-31-50
jupiter-perpetuals-liquidity-provider-token,4.1,1520441984,0.12002,5.03,0.146839,05-05-2025  18-31-50
first-digital-usd,0.998123,1469195656,0.00965,1.15,0.940377,05-05-2025  18-31-50
solv-btc,94378.0,1390220641,-1.19191,108929.0,49058.0,05-05-2025  18-31-50
kucoin-shares,10.78,1343432393,0.33323,28.83,0.342863,05-05-2025  18-31-50
bonk,1.728e-05,1338146825,5.91284,5.825e-05,8.6142e-08,05-05-2025  18-31-50
maker,1556.05,1298378315,2.48866,6292.31,168.36,05-05-2025  18-31-50
worldcoin-wld,0.959872,1270380165,0.93897,11.74,0.583741,05-05-2025  18-31-50
jupiter-exchange-solana,0.435192,1261181162,2.41516,2.0,0.306358,05-05-2025  18-31-50
flare-networks,0.0198489,1256863588,5.2513,0.150073,0.00827405,05-05-2025  18-31-50
quant-network,85.98,1250452233,0.59728,427.42,0.215773,05-05-2025  18-31-50
nexo,1.23,1233373329,-3.39767,4.07,0.04515276,05-05-2025  18-31-50
binance-staked-sol,153.92,1195642529,0.75868,297.96,100.21,05-05-2025  18-31-50
virtual-protocol,1.83,1192431265,10.70285,5.07,0.00748604,05-05-2025  18-31-50
blockstack,0.776262,1183569166,-1.44388,3.86,0.04559639,05-05-2025  18-31-50
optimism,0.678278,1124062034,-0.46125,4.84,0.402159,05-05-2025  18-31-50
fartcoin,1.12,1118502980,2.39422,2.48,0.02002855,05-05-2025  18-31-50
binance-peg-weth,1826.74,1105023674,-0.45353,4098.26,1394.32,05-05-2025  18-31-50
xdce-crowd-sale,0.070019,1099576565,-4.85114,0.192754,0.00039532,05-05-2025  18-31-50
eos,0.710655,1078110812,-0.66849,22.71,0.402746,05-05-2025  18-31-50
usdt0,1.0,1052907201,0.02777,1.052,0.975737,05-05-2025  18-31-50
sei-network,0.205686,1050660780,-0.56337,1.14,0.095364,05-05-2025  18-31-50
kelp-dao-restaked-eth,1899.94,1044760981,-0.73218,4216.2,1459.69,05-05-2025  18-31-50
immutable-x,0.568934,1034032321,1.81579,9.52,0.353994,05-05-2025  18-31-50
story-2,3.76,1017165584,2.97146,7.31,1.0,05-05-2025  18-31-50
injective-protocol,9.59,937915566,0.30119,52.62,0.657401,05-05-2025  18-31-50
curve-dao-token,0.693995,929478655,-0.54653,15.37,0.180354,05-05-2025  18-31-50
paypal-usd,0.999666,913569773,0.0246,1.021,0.959426,05-05-2025  18-31-50
binance-bridged-usdc-bnb-smart-chain,0.999905,898913735,0.00946,1.031,0.942892,05-05-2025  18-31-50
the-graph,0.09109,870119409,-0.33336,2.84,0.052051,05-05-2025  18-31-50
wbnb,592.01,865329127,-0.73177,789.32,23.6,05-05-2025  18-31-50
rocket-pool-eth,2064.9,851105537,-0.81999,4814.31,887.26,05-05-2025  18-31-50
dexe,14.37,822860169,-0.87643,32.38,0.671563,05-05-2025  18-31-50
tether-gold,3276.71,807629461,0.74404,3530.16,1447.84,05-05-2025  18-31-50
polygon-bridged-usdt-polygon,1.0,804512330,-0.00741,1.027,0.945933,05-05-2025  18-31-50
raydium,2.73,792280714,2.07702,16.83,0.134391,05-05-2025  18-31-50
pax-gold,3281.51,781368615,0.89064,3518.57,1399.64,05-05-2025  18-31-50
iota,0.206882,777847402,1.69932,5.25,0.081637,05-05-2025  18-31-50
jasmycoin,0.01589036,769439051,-0.7894,4.79,0.00275026,05-05-2025  18-31-50
coredaoorg,0.767396,767709914,12.47483,6.14,0.334237,05-05-2025  18-31-50
msol,188.97,767246305,0.65166,363.77,8.93,05-05-2025  18-31-50
walrus-2,0.605975,757471572,9.82723,0.68517,0.360808,05-05-2025  18-31-50
arbitrum-bridged-wbtc-arbitrum-one,94690.0,753479626,-1.09672,108397.0,49594.0,05-05-2025  18-31-50
bitcoin-cash-sv,37.72,749906471,1.88329,489.75,21.43,05-05-2025  18-31-50
floki,7.703e-05,744402638,0.25403,0.00034495,8.428e-08,05-05-2025  18-31-50
jupiter-staked-sol,161.99,742072354,0.65665,309.67,105.7,05-05-2025  18-31-50
clbtc,95002.0,733722172,-1.03738,104078.0,51493.0,05-05-2025  18-31-50
lido-dao,0.816041,732403273,-0.48858,7.3,0.40615,05-05-2025  18-31-50
solv-protocol-solvbtc-bbn,93614.0,723681293,-1.57332,117077.0,11402.13,05-05-2025  18-31-50
theta-token,0.703042,703217398,0.14658,15.72,0.04039979,05-05-2025  18-31-50
helium,3.85,700841518,1.79552,54.88,0.113248,05-05-2025  18-31-50
bittorrent,7.09883e-07,699985211,-3.33667,3.43e-06,3.65368e-07,05-05-2025  18-31-50
gala,0.01566746,693934156,1.72986,0.824837,0.00013475,05-05-2025  18-31-50
pudgy-penguins,0.0109906,691481750,9.51871,0.068447,0.00371517,05-05-2025  18-31-50
mantle-staked-ether,1944.1,689849849,-0.49672,4729.53,1485.62,05-05-2025  18-31-50
solayer,3.26,683499822,0.07477,3.39,0.599884,05-05-2025  18-31-50
the-sandbox,0.278571,681313822,-0.42026,8.4,0.02897764,05-05-2025  18-31-50
kaia,0.112674,659611902,-2.56425,0.406698,0.090737,05-05-2025  18-31-50
usual-usd,0.998229,647933776,0.02474,1.33,0.962885,05-05-2025  18-31-50
usdx-money-usdx,0.998983,627495582,0.08559,1.057,0.944423,05-05-2025  18-31-50
pancakeswap-token,1.95,621456021,-0.9293,43.96,0.194441,05-05-2025  18-31-50
ethereum-name-service,18.02,597570739,-5.37665,83.4,6.69,05-05-2025  18-31-50
ondo-us-dollar-yield,1.11,597371546,0.22042,1.26,0.934184,05-05-2025  18-31-50
flow,0.374555,591764756,-0.01575,42.4,0.303987,05-05-2025  18-31-50
renzo-restaked-eth,1910.69,583325237,-0.48571,4207.05,1454.43,05-05-2025  18-31-50
zcash,36.34,582694618,4.7717,3191.93,16.08,05-05-2025  18-31-50
tezos,0.54033,563103748,-2.21261,9.12,0.350476,05-05-2025  18-31-50
chain-2,0.01670929,560157503,-3.97632,0.184139,0.0007055,05-05-2025  18-31-50
dogwifcoin,0.560166,559611559,-0.51641,4.83,0.00155464,05-05-2025  18-31-50
based-brett,0.056433,559240934,-0.52887,0.234204,0.00084753,05-05-2025  18-31-50
decentraland,0.297059,554845038,0.17471,5.85,0.00923681,05-05-2025  18-31-50
sonic-bridged-usdc-e-sonic,1.0,553336965,0.00999,1.046,0.949963,05-05-2025  18-31-50
pendle,3.26,529614285,-0.04265,7.5,0.03377729,05-05-2025  18-31-50
jito-governance-token,1.62,525149716,0.56133,6.01,1.43,05-05-2025  18-31-50
aerodrome-finance,0.632651,512210289,-0.81315,2.32,1.861e-05,05-05-2025  18-31-50
telcoin,0.00554291,509190236,-3.12669,0.064483,6.474e-05,05-05-2025  18-31-50
pyth-network,0.138608,502448638,-3.33265,1.2,0.10565,05-05-2025  18-31-50
reserve-rights-token,0.00881554,501650204,0.80759,0.117424,0.00121354,05-05-2025  18-31-50
ubtc,97233.0,495793215,-0.04664,192764.0,74362.0,05-05-2025  18-31-50
spx6900,0.531585,495306098,2.34289,1.72,0.00131808,05-05-2025  18-31-50
true-usd,0.999373,495147687,0.11899,1.62,0.88355,05-05-2025  18-31-50
stakewise-v3-oseth,1910.17,485104292,-0.56847,4228.59,1459.73,05-05-2025  18-31-50
deep,0.193114,483781706,3.33942,0.341085,0.01073218,05-05-2025  18-31-50
bitcoin-avalanche-bridged-btc-b,94333.0,476170269,-1.21324,108820.0,7806.11,05-05-2025  18-31-50
arweave,7.26,474927654,-0.62801,89.24,0.298788,05-05-2025  18-31-50
kava,0.433841,471031020,3.9165,9.12,0.247359,05-05-2025  18-31-50
beldex,0.065372,467174742,-2.1412,0.450785,0.00027519,05-05-2025  18-31-50
bridged-usdc-polygon-pos-bridge,1.0,465784890,0.0001,1.028,0.975633,05-05-2025  18-31-50
ousg,110.92,461471170,0.0,110.92,95.09,05-05-2025  18-31-50
dydx-chain,0.594566,460384711,-1.11114,4.52,0.495631,05-05-2025  18-31-50
aioz-network,0.392526,460002412,-3.45264,2.65,0.01099588,05-05-2025  18-31-50
pumpbtc,92681.0,455304468,-1.09631,107240.0,48890.0,05-05-2025  18-31-50
elrond-erd-2,15.96,451045916,1.72089,545.64,6.51,05-05-2025  18-31-50
binance-peg-dogecoin,0.173453,444713050,-0.66162,0.480585,0.04955727,05-05-2025  18-31-50
thorchain,1.26,443177822,-4.11969,20.87,0.00851264,05-05-2025  18-31-50
tbtc,94401.0,440172581,-0.81621,108501.0,10104.3,05-05-2025  18-31-50
ecash,2.165e-05,430024605,1.66377,0.00038001,1.604e-05,05-05-2025  18-31-50
movement,0.168825,422069838,0.2689,1.45,0.166906,05-05-2025  18-31-50
starknet,0.135311,421217838,2.44308,4.41,0.11,05-05-2025  18-31-50
l2-standard-bridged-weth-base,1826.94,414592727,-0.43409,4096.05,1394.17,05-05-2025  18-31-50
apenft,4.18316e-07,414174367,0.07767,7.53e-06,2.98737e-07,05-05-2025  18-31-50
hashnote-usyc,1.085,407257710,4e-05,1.12,1.026,05-05-2025  18-31-50
usdb,1.001,406484006,0.06488,1.088,0.882623,05-05-2025  18-31-50
neo,5.71,403018192,-0.87707,198.38,0.078349,05-05-2025  18-31-50
apecoin,0.497111,397480210,-0.26786,26.7,0.354833,05-05-2025  18-31-50
super-oeth,1826.33,394901262,-0.48532,4099.87,1312.97,05-05-2025  18-31-50
beam-2,0.00750881,393630846,4.17691,0.04416304,0.0043383,05-05-2025  18-31-50
akash-network,1.56,392807746,8.83,8.07,0.164994,05-05-2025  18-31-50
grass,1.42,391965530,-4.45395,3.89,0.654959,05-05-2025  18-31-50
mantle-restaked-eth,1943.88,391195345,-0.47604,4298.87,1480.7,05-05-2025  18-31-50
matic-network,0.233976,383284133,1.74003,2.92,0.00314376,05-05-2025  18-31-50
axie-infinity,2.36,380169486,-0.56104,164.9,0.123718,05-05-2025  18-31-50
mantra-dao,0.39448,378883463,-5.3857,8.99,0.01726188,05-05-2025  18-31-50
chiliz,0.03957231,378852318,-0.26543,0.878633,0.00410887,05-05-2025  18-31-50
turbo,0.00546809,377302607,13.68137,0.01431669,6.518e-05,05-05-2025  18-31-50
arbitrum-bridged-weth-arbitrum-one,1826.94,376334119,-0.45162,4097.16,1395.31,05-05-2025  18-31-50
popcat,0.381337,374095116,5.55425,2.05,0.00379728,05-05-2025  18-31-50
conflux-token,0.072731,373513939,-0.78725,1.7,0.02199898,05-05-2025  18-31-50
morpho,1.38,364975315,3.77078,4.17,0.713151,05-05-2025  18-31-50
wormhole,0.079655,363716838,0.60948,1.66,0.065244,05-05-2025  18-31-50
ether-fi-staked-eth,1823.73,362563683,-0.66804,5307.23,1394.71,05-05-2025  18-31-50
compound-governance-token,40.01,359173935,0.78834,910.54,25.74,05-05-2025  18-31-50
mimblewimblecoin,32.44,356223668,0.60091,38.81,0.298733,05-05-2025  18-31-50
olympus,21.74,355946102,-1.03868,1415.26,7.54,05-05-2025  18-31-50
berachain-bera,2.96,354077305,-0.64191,14.83,2.82,05-05-2025  18-31-50
just,0.03559703,352459321,-1.45371,0.193254,0.00476275,05-05-2025  18-31-50
mantle-bridged-usdt-mantle,0.999693,351962722,-0.06928,1.26,0.869914,05-05-2025  18-31-50
plume,0.175024,350283517,1.02404,0.247537,0.084391,05-05-2025  18-31-50
sun-token,0.01802592,346832509,0.10427,66.45,0.00462303,05-05-2025  18-31-50
saros-finance,0.13142,344979976,-0.76386,0.167611,0.00101093,05-05-2025  18-31-50
amp-token,0.0040524,341256478,2.20832,0.120813,0.00140933,05-05-2025  18-31-50
axelar,0.357155,337055400,-1.41199,2.64,0.274681,05-05-2025  18-31-50
ronin,0.529586,335142811,-2.2273,4.45,0.196601,05-05-2025  18-31-50
usdd,0.999992,334038235,-0.00074,1.052,0.928067,05-05-2025  18-31-50
cgeth-hashkey-cloud,1833.85,326888830,-2.52172,3129.19,1430.7,05-05-2025  18-31-50
trust-wallet-token,0.784363,326868367,-0.62577,2.72,0.00277641,05-05-2025  18-31-50
terra-luna,5.98e-05,325170429,0.86115,119.18,9.99967e-07,05-05-2025  18-31-50
binance-peg-busd,1.001,323730602,0.13256,1.064,0.954278,05-05-2025  18-31-50
frax,0.999879,317245446,0.0007,1.14,0.874536,05-05-2025  18-31-50
ripple-usd,0.999658,316984388,0.11323,1.073,0.962292,05-05-2025  18-31-50
cheems-token,1.54e-06,314661365,1.37466,2.16e-06,5.725e-09,05-05-2025  18-31-50
superfarm,0.695418,314553858,2.12612,4.74,0.070397,05-05-2025  18-31-50
wrapped-hype,20.67,307700792,0.80356,25.53,9.43,05-05-2025  18-31-50
ai16z,0.27866,306445922,12.97032,2.47,0.010189,05-05-2025  18-31-50
creditcoin-2,0.680145,305609359,-0.60237,8.67,0.128298,05-05-2025  18-31-50
polygon-bridged-wbtc-polygon-pos,94582.0,303488003,-1.1319,108124.0,49937.0,05-05-2025  18-31-50
ket,0.290045,292694040,-1.62454,0.530549,0.0085598,05-05-2025  18-31-50
stakestone-berachain-vault-token,1811.71,292002658,-1.10391,3453.2,1373.59,05-05-2025  18-31-50
gnosis,110.39,286172151,-0.54956,644.2,6.88,05-05-2025  18-31-50
layerzero,2.53,280809278,2.38645,7.47,1.51,05-05-2025  18-31-50
dog-go-to-the-moon-rune,0.0028052,280765454,3.86013,0.0099237,0.00100496,05-05-2025  18-31-50
mina-protocol,0.22823,280632676,1.60283,9.09,0.18424,05-05-2025  18-31-50
quorium,3332.39,279920934,2.79375,14721.58,1170.65,05-05-2025  18-31-50
wrapped-avax,19.98,277916077,-0.77987,2000.68,7.91,05-05-2025  18-31-50
ether-fi-staked-btc,94692.0,275394536,-0.86737,109069.0,58795.0,05-05-2025  18-31-50
venom,0.132434,274410779,-2.60483,0.782403,0.03459851,05-05-2025  18-31-50
resolv-usr,0.999244,272523035,-0.08563,1.022,0.959194,05-05-2025  18-31-50
dash,22.03,269890842,0.15398,1493.59,0.213899,05-05-2025  18-31-50
1inch,0.194789,269889784,-0.95569,8.65,0.149574,05-05-2025  18-31-50
stader-ethx,1935.83,265885107,-0.64505,4275.3,1474.49,05-05-2025  18-31-50
mx-token,2.82,265364900,-0.11809,5.85,0.04218457,05-05-2025  18-31-50
golem,0.264595,264599195,1.01151,1.32,0.00913753,05-05-2025  18-31-50
safepal,0.524591,262333128,1.21346,4.19,0.269235,05-05-2025  18-31-50
safe,0.447811,259812475,0.75336,3.56,0.356678,05-05-2025  18-31-50
syrupusdc,1.098,257665124,0.11766,1.099,1.07,05-05-2025  18-31-50
aethir,0.02961363,251170500,-0.36982,0.118536,0.02439678,05-05-2025  18-31-50
honey-3,0.999528,249573799,0.04577,1.11,0.916153,05-05-2025  18-31-50
theta-fuel,0.03595798,249090493,-2.35583,0.68159,0.00090804,05-05-2025  18-31-50
coinbase-wrapped-staked-eth,2004.89,247540121,-0.51842,4434.57,1036.96,05-05-2025  18-31-50
compound-wrapped-btc,1901.38,245518094,-0.98298,2187.46,91.15,05-05-2025  18-31-50
convex-finance,2.98,244313879,-2.25547,60.09,1.44,05-05-2025  18-31-50
cat-in-a-dogs-world,0.00275025,244261179,0.16675,0.01288153,0.00091206,05-05-2025  18-31-50
global-dollar,0.999705,242469927,0.04168,1.65,0.907561,05-05-2025  18-31-50
btse-token,1.5,242432724,2.24582,9.21,0.369569,05-05-2025  18-31-50
gho,0.999398,242361636,-0.02452,1.03,0.917065,05-05-2025  18-31-50
kusama,14.7,241938552,0.01229,621.71,0.876572,05-05-2025  18-31-50
sweth,1989.03,241225363,-0.49213,4395.57,1516.13,05-05-2025  18-31-50
snek,0.00322962,240498056,-5.49842,0.00895508,0.00013847,05-05-2025  18-31-50
abtc,94487.0,237977859,-1.29611,108378.0,60786.0,05-05-2025  18-31-50
polygon-pos-bridged-weth-polygon-pos,1826.25,237490160,-0.47639,4090.99,1390.73,05-05-2025  18-31-50
zilliqa,0.01203101,234180456,-1.13281,0.255376,0.00239616,05-05-2025  18-31-50
euro-coin,1.13,233691389,0.21529,1.35,0.052848,05-05-2025  18-31-50
